path,is_forged,nationality,flagged,score,checks,ms
C:\Users\sande\VeriDoc\data\raw\SIDTD\templates\Images\reals\aze_passport_45.jpg,False,aze,False,0.0,,4148
C:\Users\sande\VeriDoc\data\raw\SIDTD\templates\Images\fakes\lva_passport_51_fake_0_32.jpg,True,lva,False,0.0,,1204
C:\Users\sande\VeriDoc\data\raw\SIDTD\templates\Images\reals\grc_passport_25.jpg,False,grc,False,0.0,,705
C:\Users\sande\VeriDoc\data\raw\SIDTD\templates\Images\fakes\fin_id_03_fake_7_31.jpg,True,fin,False,0.0,,1137
C:\Users\sande\VeriDoc\data\raw\SIDTD\templates\Images\fakes\fin_id_23_fake_7_108.jpg,True,fin,False,0.0,,963
C:\Users\sande\VeriDoc\data\raw\SIDTD\templates\Images\reals\srb_passport_12.jpg,False,srb,False,0.0,,1179
C:\Users\sande\VeriDoc\data\raw\SIDTD\templates\Images\reals\alb_id_42.jpg,False,alb,False,0.0,,1081
C:\Users\sande\VeriDoc\data\raw\SIDTD\templates\Images\fakes\aze_passport_89_fake_3_113.jpg,True,aze,False,0.0,,1111
C:\Users\sande\VeriDoc\data\raw\SIDTD\templates\Images\fakes\esp_id_29_fake_2_52.jpg,True,esp,False,0.0,,604
C:\Users\sande\VeriDoc\data\raw\SIDTD\templates\Images\fakes\est_id_97_fake_9_76.jpg,True,est,False,0.0,,557
C:\Users\sande\VeriDoc\data\raw\SIDTD\templates\Images\fakes\est_id_25_fake_9_0.jpg,True,est,False,0.0,,666
C:\Users\sande\VeriDoc\data\raw\SIDTD\templates\Images\fakes\aze_passport_70_fake_3_67.jpg,True,aze,False,0.0,,936
C:\Users\sande\VeriDoc\data\raw\SIDTD\templates\Images\reals\lva_passport_01.jpg,False,lva,False,0.0,,1390
C:\Users\sande\VeriDoc\data\raw\SIDTD\templates\Images\reals\alb_id_71.jpg,False,alb,False,0.0,,1109
C:\Users\sande\VeriDoc\data\raw\SIDTD\templates\Images\fakes\aze_passport_26_fake_3_7.jpg,True,aze,False,0.0,,894
C:\Users\sande\VeriDoc\data\raw\SIDTD\templates\Images\reals\aze_passport_10.jpg,False,aze,False,0.0,,911
C:\Users\sande\VeriDoc\data\raw\SIDTD\templates\Images\reals\rus_internalpassport_10.jpg,False,rus,False,0.0,,927
C:\Users\sande\VeriDoc\data\raw\SIDTD\templates\Images\reals\svk_id_88.jpg,False,svk,False,0.0,,624
C:\Users\sande\VeriDoc\data\raw\SIDTD\templates\Images\fakes\srb_passport_72_fake_5_72.jpg,True,srb,False,0.0,,1202
C:\Users\sande\VeriDoc\data\raw\SIDTD\templates\Images\reals\alb_id_68.jpg,False,alb,False,0.0,,1143
C:\Users\sande\VeriDoc\data\raw\SIDTD\templates\Images\reals\fin_id_63.jpg,False,fin,False,0.0,,1015
C:\Users\sande\VeriDoc\data\raw\SIDTD\templates\Images\reals\alb_id_89.jpg,False,alb,False,0.0,,986
C:\Users\sande\VeriDoc\data\raw\SIDTD\templates\Images\fakes\alb_id_32_fake_6_37.jpg,True,alb,False,0.0,,1212
C:\Users\sande\VeriDoc\data\raw\SIDTD\templates\Images\fakes\rus_internalpassport_40_fake_1_8.jpg,True,rus,False,0.0,,750
C:\Users\sande\VeriDoc\data\raw\SIDTD\templates\Images\reals\srb_passport_60.jpg,False,srb,False,0.0,,1303
C:\Users\sande\VeriDoc\data\raw\SIDTD\templates\Images\fakes\svk_id_03_fake_8_77.jpg,True,svk,False,0.0,,586
C:\Users\sande\VeriDoc\data\raw\SIDTD\templates\Images\reals\lva_passport_14.jpg,False,lva,False,0.0,,1440
C:\Users\sande\VeriDoc\data\raw\SIDTD\templates\Images\fakes\fin_id_15_fake_7_26.jpg,True,fin,False,0.0,,935
C:\Users\sande\VeriDoc\data\raw\SIDTD\templates\Images\reals\lva_passport_28.jpg,False,lva,False,0.0,,1029
C:\Users\sande\VeriDoc\data\raw\SIDTD\templates\Images\reals\svk_id_49.jpg,False,svk,False,0.0,,721
C:\Users\sande\VeriDoc\data\raw\SIDTD\templates\Images\reals\est_id_22.jpg,False,est,False,0.0,,548
C:\Users\sande\VeriDoc\data\raw\SIDTD\templates\Images\fakes\alb_id_43_fake_6_101.jpg,True,alb,False,0.0,,1219
C:\Users\sande\VeriDoc\data\raw\SIDTD\templates\Images\reals\srb_passport_67.jpg,False,srb,False,0.0,,1280
C:\Users\sande\VeriDoc\data\raw\SIDTD\templates\Images\fakes\alb_id_71_fake_6_15.jpg,True,alb,False,0.0,,1078
C:\Users\sande\VeriDoc\data\raw\SIDTD\templates\Images\fakes\alb_id_81_fake_6_91.jpg,True,alb,False,0.0,,1044
C:\Users\sande\VeriDoc\data\raw\SIDTD\templates\Images\reals\alb_id_11.jpg,False,alb,False,0.0,,1196
C:\Users\sande\VeriDoc\data\raw\SIDTD\templates\Images\fakes\lva_passport_98_fake_0_80.jpg,True,lva,False,0.0,,1001
C:\Users\sande\VeriDoc\data\raw\SIDTD\templates\Images\reals\rus_internalpassport_24.jpg,False,rus,False,0.0,,818
C:\Users\sande\VeriDoc\data\raw\SIDTD\templates\Images\fakes\lva_passport_16_fake_0_57.jpg,True,lva,False,0.0,,1294
C:\Users\sande\VeriDoc\data\raw\SIDTD\templates\Images\fakes\aze_passport_54_fake_3_42.jpg,True,aze,False,0.0,,787
C:\Users\sande\VeriDoc\data\raw\SIDTD\templates\Images\fakes\aze_passport_43_fake_3_74.jpg,True,aze,False,0.0,,944
C:\Users\sande\VeriDoc\data\raw\SIDTD\templates\Images\reals\srb_passport_22.jpg,False,srb,False,0.0,,1304
C:\Users\sande\VeriDoc\data\raw\SIDTD\templates\Images\fakes\grc_passport_25_fake_4_35.jpg,True,grc,False,0.0,,738
C:\Users\sande\VeriDoc\data\raw\SIDTD\templates\Images\reals\alb_id_17.jpg,False,alb,False,0.0,,1227
C:\Users\sande\VeriDoc\data\raw\SIDTD\templates\Images\fakes\lva_passport_64_fake_0_33.jpg,True,lva,False,0.0,,1232
C:\Users\sande\VeriDoc\data\raw\SIDTD\templates\Images\reals\lva_passport_78.jpg,False,lva,False,0.0,,1150
C:\Users\sande\VeriDoc\data\raw\SIDTD\templates\Images\reals\est_id_40.jpg,False,est,False,0.0,,591
C:\Users\sande\VeriDoc\data\raw\SIDTD\templates\Images\reals\lva_passport_06.jpg,False,lva,False,0.0,,1313
C:\Users\sande\VeriDoc\data\raw\SIDTD\templates\Images\reals\esp_id_39.jpg,False,esp,False,0.0,,785
C:\Users\sande\VeriDoc\data\raw\SIDTD\templates\Images\reals\svk_id_00.jpg,False,svk,False,0.0,,687
C:\Users\sande\VeriDoc\data\raw\SIDTD\templates\Images\reals\grc_passport_24.jpg,False,grc,False,0.0,,746
C:\Users\sande\VeriDoc\data\raw\SIDTD\templates\Images\reals\est_id_44.jpg,False,est,False,0.0,,709
C:\Users\sande\VeriDoc\data\raw\SIDTD\templates\Images\reals\lva_passport_65.jpg,False,lva,False,0.0,,1422
C:\Users\sande\VeriDoc\data\raw\SIDTD\templates\Images\reals\lva_passport_38.jpg,False,lva,False,0.0,,900
C:\Users\sande\VeriDoc\data\raw\SIDTD\templates\Images\fakes\esp_id_35_fake_2_110.jpg,True,esp,False,0.0,,797
C:\Users\sande\VeriDoc\data\raw\SIDTD\templates\Images\fakes\rus_internalpassport_00_fake_1_67.jpg,True,rus,False,0.0,,920
C:\Users\sande\VeriDoc\data\raw\SIDTD\templates\Images\reals\lva_passport_91.jpg,False,lva,False,0.0,,1314
C:\Users\sande\VeriDoc\data\raw\SIDTD\templates\Images\fakes\lva_passport_20_fake_0_55.jpg,True,lva,False,0.0,,1083
C:\Users\sande\VeriDoc\data\raw\SIDTD\templates\Images\reals\rus_internalpassport_76.jpg,False,rus,False,0.0,,812
C:\Users\sande\VeriDoc\data\raw\SIDTD\templates\Images\reals\est_id_01.jpg,False,est,False,0.0,,683
C:\Users\sande\VeriDoc\data\raw\SIDTD\templates\Images\reals\grc_passport_79.jpg,False,grc,False,0.0,,613
C:\Users\sande\VeriDoc\data\raw\SIDTD\templates\Images\reals\esp_id_18.jpg,False,esp,False,0.0,,757
C:\Users\sande\VeriDoc\data\raw\SIDTD\templates\Images\fakes\fin_id_26_fake_7_78.jpg,True,fin,False,0.0,,1102
C:\Users\sande\VeriDoc\data\raw\SIDTD\templates\Images\reals\srb_passport_29.jpg,False,srb,False,0.0,,1066
C:\Users\sande\VeriDoc\data\raw\SIDTD\templates\Images\fakes\srb_passport_62_fake_5_26.jpg,True,srb,False,0.0,,1117
C:\Users\sande\VeriDoc\data\raw\SIDTD\templates\Images\fakes\aze_passport_26_fake_3_59.jpg,True,aze,False,0.0,,927
C:\Users\sande\VeriDoc\data\raw\SIDTD\templates\Images\reals\srb_passport_16.jpg,False,srb,False,0.0,,1188
C:\Users\sande\VeriDoc\data\raw\SIDTD\templates\Images\fakes\rus_internalpassport_06_fake_1_6.jpg,True,rus,False,0.0,,792
C:\Users\sande\VeriDoc\data\raw\SIDTD\templates\Images\reals\fin_id_81.jpg,False,fin,False,0.0,,1245
C:\Users\sande\VeriDoc\data\raw\SIDTD\templates\Images\fakes\aze_passport_84_fake_3_109.jpg,True,aze,False,0.0,,776
C:\Users\sande\VeriDoc\data\raw\SIDTD\templates\Images\fakes\grc_passport_93_fake_4_60.jpg,True,grc,False,0.0,,807
C:\Users\sande\VeriDoc\data\raw\SIDTD\templates\Images\fakes\srb_passport_70_fake_5_112.jpg,True,srb,False,0.0,,1355
C:\Users\sande\VeriDoc\data\raw\SIDTD\templates\Images\fakes\alb_id_26_fake_6_31.jpg,True,alb,False,0.0,,1131
C:\Users\sande\VeriDoc\data\raw\SIDTD\templates\Images\fakes\fin_id_48_fake_7_13.jpg,True,fin,False,0.0,,1057
C:\Users\sande\VeriDoc\data\raw\SIDTD\templates\Images\fakes\svk_id_61_fake_8_58.jpg,True,svk,False,0.0,,671
C:\Users\sande\VeriDoc\data\raw\SIDTD\templates\Images\reals\est_id_11.jpg,False,est,False,0.0,,617
C:\Users\sande\VeriDoc\data\raw\SIDTD\templates\Images\fakes\alb_id_63_fake_6_108.jpg,True,alb,False,0.0,,1221
C:\Users\sande\VeriDoc\data\raw\SIDTD\templates\Images\fakes\esp_id_33_fake_2_35.jpg,True,esp,False,0.0,,808
C:\Users\sande\VeriDoc\data\raw\SIDTD\templates\Images\reals\alb_id_74.jpg,False,alb,False,0.0,,1056
C:\Users\sande\VeriDoc\data\raw\SIDTD\templates\Images\fakes\grc_passport_02_fake_4_113.jpg,True,grc,False,0.0,,614
C:\Users\sande\VeriDoc\data\raw\SIDTD\templates\Images\reals\srb_passport_51.jpg,False,srb,False,0.0,,1190
C:\Users\sande\VeriDoc\data\raw\SIDTD\templates\Images\fakes\svk_id_30_fake_8_47.jpg,True,svk,False,0.0,,713
C:\Users\sande\VeriDoc\data\raw\SIDTD\templates\Images\reals\est_id_92.jpg,False,est,False,0.0,,640
C:\Users\sande\VeriDoc\data\raw\SIDTD\templates\Images\fakes\aze_passport_35_fake_3_85.jpg,True,aze,False,0.0,,1338
C:\Users\sande\VeriDoc\data\raw\SIDTD\templates\Images\fakes\svk_id_88_fake_8_94.jpg,True,svk,False,0.0,,651
C:\Users\sande\VeriDoc\data\raw\SIDTD\templates\Images\reals\rus_internalpassport_01.jpg,False,rus,False,0.0,,838
C:\Users\sande\VeriDoc\data\raw\SIDTD\templates\Images\fakes\rus_internalpassport_62_fake_1_36.jpg,True,rus,False,0.0,,723
C:\Users\sande\VeriDoc\data\raw\SIDTD\templates\Images\fakes\esp_id_14_fake_2_9.jpg,True,esp,False,0.0,,948
C:\Users\sande\VeriDoc\data\raw\SIDTD\templates\Images\fakes\esp_id_08_fake_2_41.jpg,True,esp,False,0.0,,717
C:\Users\sande\VeriDoc\data\raw\SIDTD\templates\Images\fakes\fin_id_26_fake_7_16.jpg,True,fin,False,0.0,,1055
C:\Users\sande\VeriDoc\data\raw\SIDTD\templates\Images\fakes\rus_internalpassport_96_fake_1_41.jpg,True,rus,False,0.0,,883
C:\Users\sande\VeriDoc\data\raw\SIDTD\templates\Images\fakes\srb_passport_07_fake_5_64.jpg,True,srb,False,0.0,,1150
C:\Users\sande\VeriDoc\data\raw\SIDTD\templates\Images\reals\rus_internalpassport_87.jpg,False,rus,False,0.0,,782
C:\Users\sande\VeriDoc\data\raw\SIDTD\templates\Images\reals\alb_id_92.jpg,False,alb,False,0.0,,1180
C:\Users\sande\VeriDoc\data\raw\SIDTD\templates\Images\reals\srb_passport_23.jpg,False,srb,False,0.0,,1336
C:\Users\sande\VeriDoc\data\raw\SIDTD\templates\Images\fakes\srb_passport_00_fake_5_84.jpg,True,srb,False,0.0,,1230
C:\Users\sande\VeriDoc\data\raw\SIDTD\templates\Images\fakes\esp_id_09_fake_2_33.jpg,True,esp,False,0.0,,705
C:\Users\sande\VeriDoc\data\raw\SIDTD\templates\Images\reals\esp_id_03.jpg,False,esp,False,0.0,,799
C:\Users\sande\VeriDoc\data\raw\SIDTD\templates\Images\fakes\rus_internalpassport_68_fake_1_55.jpg,True,rus,False,0.0,,944
C:\Users\sande\VeriDoc\data\raw\SIDTD\templates\Images\reals\alb_id_64.jpg,False,alb,False,0.0,,1256
C:\Users\sande\VeriDoc\data\raw\SIDTD\templates\Images\fakes\lva_passport_16_fake_0_21.jpg,True,lva,False,0.0,,1178
C:\Users\sande\VeriDoc\data\raw\SIDTD\templates\Images\reals\alb_id_04.jpg,False,alb,False,0.0,,946
C:\Users\sande\VeriDoc\data\raw\SIDTD\templates\Images\fakes\aze_passport_26_fake_3_95.jpg,True,aze,False,0.0,,1041
C:\Users\sande\VeriDoc\data\raw\SIDTD\templates\Images\fakes\esp_id_93_fake_2_7.jpg,True,esp,False,0.0,,694
C:\Users\sande\VeriDoc\data\raw\SIDTD\templates\Images\reals\lva_passport_69.jpg,False,lva,False,0.0,,1326
C:\Users\sande\VeriDoc\data\raw\SIDTD\templates\Images\reals\esp_id_52.jpg,False,esp,False,0.0,,680
C:\Users\sande\VeriDoc\data\raw\SIDTD\templates\Images\fakes\svk_id_65_fake_8_24.jpg,True,svk,False,0.0,,564
C:\Users\sande\VeriDoc\data\raw\SIDTD\templates\Images\fakes\esp_id_53_fake_2_86.jpg,True,esp,False,0.0,,970
C:\Users\sande\VeriDoc\data\raw\SIDTD\templates\Images\reals\grc_passport_31.jpg,False,grc,False,0.0,,776
C:\Users\sande\VeriDoc\data\raw\SIDTD\templates\Images\fakes\grc_passport_78_fake_4_61.jpg,True,grc,False,0.0,,736
C:\Users\sande\VeriDoc\data\raw\SIDTD\templates\Images\fakes\aze_passport_34_fake_3_29.jpg,True,aze,False,0.0,,896
C:\Users\sande\VeriDoc\data\raw\SIDTD\templates\Images\fakes\alb_id_25_fake_6_22.jpg,True,alb,False,0.0,,1345
C:\Users\sande\VeriDoc\data\raw\SIDTD\templates\Images\fakes\aze_passport_17_fake_3_22.jpg,True,aze,False,0.0,,842
C:\Users\sande\VeriDoc\data\raw\SIDTD\templates\Images\reals\aze_passport_94.jpg,False,aze,False,0.0,,883
C:\Users\sande\VeriDoc\data\raw\SIDTD\templates\Images\fakes\esp_id_44_fake_2_94.jpg,True,esp,False,0.0,,806
C:\Users\sande\VeriDoc\data\raw\SIDTD\templates\Images\reals\fin_id_87.jpg,False,fin,False,0.0,,985
C:\Users\sande\VeriDoc\data\raw\SIDTD\templates\Images\reals\alb_id_85.jpg,False,alb,False,0.0,,1074
C:\Users\sande\VeriDoc\data\raw\SIDTD\templates\Images\fakes\alb_id_22_fake_6_26.jpg,True,alb,False,0.0,,1137
C:\Users\sande\VeriDoc\data\raw\SIDTD\templates\Images\fakes\est_id_54_fake_9_6.jpg,True,est,False,0.0,,767
C:\Users\sande\VeriDoc\data\raw\SIDTD\templates\Images\reals\aze_passport_92.jpg,False,aze,False,0.0,,890
C:\Users\sande\VeriDoc\data\raw\SIDTD\templates\Images\reals\aze_passport_20.jpg,False,aze,False,0.0,,927
C:\Users\sande\VeriDoc\data\raw\SIDTD\templates\Images\reals\fin_id_68.jpg,False,fin,False,0.0,,1107
C:\Users\sande\VeriDoc\data\raw\SIDTD\templates\Images\reals\rus_internalpassport_99.jpg,False,rus,False,0.0,,723
C:\Users\sande\VeriDoc\data\raw\SIDTD\templates\Images\fakes\rus_internalpassport_62_fake_1_106.jpg,True,rus,False,0.0,,888
C:\Users\sande\VeriDoc\data\raw\SIDTD\templates\Images\reals\srb_passport_77.jpg,False,srb,False,0.0,,1395
C:\Users\sande\VeriDoc\data\raw\SIDTD\templates\Images\reals\esp_id_47.jpg,False,esp,False,0.0,,682
C:\Users\sande\VeriDoc\data\raw\SIDTD\templates\Images\reals\svk_id_05.jpg,False,svk,False,0.0,,754
C:\Users\sande\VeriDoc\data\raw\SIDTD\templates\Images\fakes\aze_passport_90_fake_3_96.jpg,True,aze,False,0.0,,956
C:\Users\sande\VeriDoc\data\raw\SIDTD\templates\Images\fakes\srb_passport_04_fake_5_88.jpg,True,srb,False,0.0,,1294
C:\Users\sande\VeriDoc\data\raw\SIDTD\templates\Images\fakes\grc_passport_37_fake_4_39.jpg,True,grc,False,0.0,,648
C:\Users\sande\VeriDoc\data\raw\SIDTD\templates\Images\fakes\grc_passport_77_fake_4_64.jpg,True,grc,False,0.0,,782
C:\Users\sande\VeriDoc\data\raw\SIDTD\templates\Images\reals\aze_passport_81.jpg,False,aze,False,0.0,,851
C:\Users\sande\VeriDoc\data\raw\SIDTD\templates\Images\fakes\lva_passport_94_fake_0_54.jpg,True,lva,False,0.0,,1458
C:\Users\sande\VeriDoc\data\raw\SIDTD\templates\Images\fakes\esp_id_23_fake_2_105.jpg,True,esp,False,0.0,,633
C:\Users\sande\VeriDoc\data\raw\SIDTD\templates\Images\reals\esp_id_35.jpg,False,esp,False,0.0,,781
C:\Users\sande\VeriDoc\data\raw\SIDTD\templates\Images\reals\est_id_34.jpg,False,est,False,0.0,,671
C:\Users\sande\VeriDoc\data\raw\SIDTD\templates\Images\fakes\rus_internalpassport_42_fake_1_13.jpg,True,rus,False,0.0,,815
C:\Users\sande\VeriDoc\data\raw\SIDTD\templates\Images\fakes\svk_id_63_fake_8_26.jpg,True,svk,False,0.0,,699
C:\Users\sande\VeriDoc\data\raw\SIDTD\templates\Images\fakes\esp_id_25_fake_2_113.jpg,True,esp,False,0.0,,725
C:\Users\sande\VeriDoc\data\raw\SIDTD\templates\Images\reals\fin_id_58.jpg,False,fin,False,0.0,,1024
C:\Users\sande\VeriDoc\data\raw\SIDTD\templates\Images\fakes\est_id_55_fake_9_90.jpg,True,est,False,0.0,,711
C:\Users\sande\VeriDoc\data\raw\SIDTD\templates\Images\reals\grc_passport_41.jpg,False,grc,False,0.0,,784
C:\Users\sande\VeriDoc\data\raw\SIDTD\templates\Images\reals\esp_id_60.jpg,False,esp,False,0.0,,836
C:\Users\sande\VeriDoc\data\raw\SIDTD\templates\Images\fakes\alb_id_54_fake_6_77.jpg,True,alb,False,0.0,,1198
C:\Users\sande\VeriDoc\data\raw\SIDTD\templates\Images\reals\rus_internalpassport_49.jpg,False,rus,False,0.0,,739
C:\Users\sande\VeriDoc\data\raw\SIDTD\templates\Images\reals\alb_id_20.jpg,False,alb,False,0.0,,1294
C:\Users\sande\VeriDoc\data\raw\SIDTD\templates\Images\reals\srb_passport_62.jpg,False,srb,False,0.0,,1059
C:\Users\sande\VeriDoc\data\raw\SIDTD\templates\Images\fakes\est_id_39_fake_9_109.jpg,True,est,False,0.0,,707
C:\Users\sande\VeriDoc\data\raw\SIDTD\templates\Images\reals\fin_id_98.jpg,False,fin,False,0.0,,1078
C:\Users\sande\VeriDoc\data\raw\SIDTD\templates\Images\fakes\svk_id_75_fake_8_36.jpg,True,svk,False,0.0,,554
C:\Users\sande\VeriDoc\data\raw\SIDTD\templates\Images\fakes\est_id_11_fake_9_40.jpg,True,est,False,0.0,,670
C:\Users\sande\VeriDoc\data\raw\SIDTD\templates\Images\reals\grc_passport_21.jpg,False,grc,False,0.0,,745
C:\Users\sande\VeriDoc\data\raw\SIDTD\templates\Images\fakes\aze_passport_56_fake_3_77.jpg,True,aze,False,0.0,,876
C:\Users\sande\VeriDoc\data\raw\SIDTD\templates\Images\fakes\srb_passport_92_fake_5_102.jpg,True,srb,False,0.0,,1289
C:\Users\sande\VeriDoc\data\raw\SIDTD\templates\Images\reals\rus_internalpassport_56.jpg,False,rus,False,0.0,,761
C:\Users\sande\VeriDoc\data\raw\SIDTD\templates\Images\reals\fin_id_10.jpg,False,fin,False,0.0,,1084
C:\Users\sande\VeriDoc\data\raw\SIDTD\templates\Images\fakes\fin_id_75_fake_7_66.jpg,True,fin,False,0.0,,1352
C:\Users\sande\VeriDoc\data\raw\SIDTD\templates\Images\reals\alb_id_60.jpg,False,alb,False,0.0,,977
C:\Users\sande\VeriDoc\data\raw\SIDTD\templates\Images\reals\grc_passport_20.jpg,False,grc,False,0.0,,712
C:\Users\sande\VeriDoc\data\raw\SIDTD\templates\Images\fakes\grc_passport_55_fake_4_48.jpg,True,grc,False,0.0,,843
C:\Users\sande\VeriDoc\data\raw\SIDTD\templates\Images\fakes\alb_id_24_fake_6_53.jpg,True,alb,False,0.0,,1141
C:\Users\sande\VeriDoc\data\raw\SIDTD\templates\Images\reals\lva_passport_05.jpg,False,lva,False,0.0,,1284
C:\Users\sande\VeriDoc\data\raw\SIDTD\templates\Images\reals\fin_id_62.jpg,False,fin,False,0.0,,1112
C:\Users\sande\VeriDoc\data\raw\SIDTD\templates\Images\reals\svk_id_93.jpg,False,svk,False,0.0,,611
C:\Users\sande\VeriDoc\data\raw\SIDTD\templates\Images\reals\grc_passport_64.jpg,False,grc,False,0.0,,674
C:\Users\sande\VeriDoc\data\raw\SIDTD\templates\Images\fakes\est_id_83_fake_9_105.jpg,True,est,False,0.0,,645
C:\Users\sande\VeriDoc\data\raw\SIDTD\templates\Images\fakes\alb_id_23_fake_6_105.jpg,True,alb,False,0.0,,1277
C:\Users\sande\VeriDoc\data\raw\SIDTD\templates\Images\fakes\srb_passport_04_fake_5_93.jpg,True,srb,False,0.0,,974
C:\Users\sande\VeriDoc\data\raw\SIDTD\templates\Images\fakes\srb_passport_37_fake_5_86.jpg,True,srb,False,0.0,,1277
C:\Users\sande\VeriDoc\data\raw\SIDTD\templates\Images\fakes\alb_id_80_fake_6_84.jpg,True,alb,False,0.0,,1135
C:\Users\sande\VeriDoc\data\raw\SIDTD\templates\Images\fakes\srb_passport_40_fake_5_103.jpg,True,srb,False,0.0,,1122
C:\Users\sande\VeriDoc\data\raw\SIDTD\templates\Images\reals\grc_passport_72.jpg,False,grc,False,0.0,,789
C:\Users\sande\VeriDoc\data\raw\SIDTD\templates\Images\reals\est_id_95.jpg,False,est,False,0.0,,880
C:\Users\sande\VeriDoc\data\raw\SIDTD\templates\Images\reals\svk_id_46.jpg,False,svk,False,0.0,,712
C:\Users\sande\VeriDoc\data\raw\SIDTD\templates\Images\reals\lva_passport_70.jpg,False,lva,False,0.0,,1440
C:\Users\sande\VeriDoc\data\raw\SIDTD\templates\Images\reals\grc_passport_76.jpg,False,grc,False,0.0,,584
C:\Users\sande\VeriDoc\data\raw\SIDTD\templates\Images\fakes\grc_passport_26_fake_4_52.jpg,True,grc,False,0.0,,647
C:\Users\sande\VeriDoc\data\raw\SIDTD\templates\Images\reals\esp_id_95.jpg,False,esp,False,0.0,,711
C:\Users\sande\VeriDoc\data\raw\SIDTD\templates\Images\fakes\fin_id_89_fake_7_114.jpg,True,fin,False,0.0,,1135
C:\Users\sande\VeriDoc\data\raw\SIDTD\templates\Images\fakes\rus_internalpassport_06_fake_1_28.jpg,True,rus,False,0.0,,738
C:\Users\sande\VeriDoc\data\raw\SIDTD\templates\Images\reals\grc_passport_11.jpg,False,grc,False,0.0,,663
C:\Users\sande\VeriDoc\data\raw\SIDTD\templates\Images\reals\fin_id_51.jpg,False,fin,False,0.0,,1125
C:\Users\sande\VeriDoc\data\raw\SIDTD\templates\Images\reals\lva_passport_09.jpg,False,lva,False,0.0,,1246
C:\Users\sande\VeriDoc\data\raw\SIDTD\templates\Images\fakes\lva_passport_36_fake_0_110.jpg,True,lva,False,0.0,,1199
C:\Users\sande\VeriDoc\data\raw\SIDTD\templates\Images\reals\grc_passport_51.jpg,False,grc,False,0.0,,564
C:\Users\sande\VeriDoc\data\raw\SIDTD\templates\Images\reals\fin_id_75.jpg,False,fin,False,0.0,,1196
C:\Users\sande\VeriDoc\data\raw\SIDTD\templates\Images\fakes\aze_passport_56_fake_3_1.jpg,True,aze,False,0.0,,909
C:\Users\sande\VeriDoc\data\raw\SIDTD\templates\Images\reals\rus_internalpassport_84.jpg,False,rus,False,0.0,,811
C:\Users\sande\VeriDoc\data\raw\SIDTD\templates\Images\reals\aze_passport_37.jpg,False,aze,False,0.0,,917
C:\Users\sande\VeriDoc\data\raw\SIDTD\templates\Images\reals\srb_passport_66.jpg,False,srb,False,0.0,,1272
C:\Users\sande\VeriDoc\data\raw\SIDTD\templates\Images\fakes\aze_passport_39_fake_3_23.jpg,True,aze,False,0.0,,938
C:\Users\sande\VeriDoc\data\raw\SIDTD\templates\Images\fakes\lva_passport_02_fake_0_2.jpg,True,lva,False,0.0,,1360
C:\Users\sande\VeriDoc\data\raw\SIDTD\templates\Images\reals\srb_passport_90.jpg,False,srb,False,0.0,,1105
C:\Users\sande\VeriDoc\data\raw\SIDTD\templates\Images\fakes\svk_id_69_fake_8_49.jpg,True,svk,False,0.0,,722
C:\Users\sande\VeriDoc\data\raw\SIDTD\templates\Images\reals\esp_id_14.jpg,False,esp,False,0.0,,780
C:\Users\sande\VeriDoc\data\raw\SIDTD\templates\Images\reals\srb_passport_86.jpg,False,srb,False,0.0,,1389
C:\Users\sande\VeriDoc\data\raw\SIDTD\templates\Images\fakes\alb_id_20_fake_6_51.jpg,True,alb,False,0.0,,1213
C:\Users\sande\VeriDoc\data\raw\SIDTD\templates\Images\fakes\svk_id_77_fake_8_10.jpg,True,svk,False,0.0,,531
C:\Users\sande\VeriDoc\data\raw\SIDTD\templates\Images\reals\svk_id_23.jpg,False,svk,False,0.0,,663
C:\Users\sande\VeriDoc\data\raw\SIDTD\templates\Images\reals\fin_id_19.jpg,False,fin,False,0.0,,1100
C:\Users\sande\VeriDoc\data\raw\SIDTD\templates\Images\reals\svk_id_99.jpg,False,svk,False,0.0,,587
C:\Users\sande\VeriDoc\data\raw\SIDTD\templates\Images\reals\est_id_84.jpg,False,est,False,0.0,,647
C:\Users\sande\VeriDoc\data\raw\SIDTD\templates\Images\fakes\est_id_13_fake_9_16.jpg,True,est,False,0.0,,704
C:\Users\sande\VeriDoc\data\raw\SIDTD\templates\Images\reals\svk_id_83.jpg,False,svk,False,0.0,,658
C:\Users\sande\VeriDoc\data\raw\SIDTD\templates\Images\reals\est_id_10.jpg,False,est,False,0.0,,638
C:\Users\sande\VeriDoc\data\raw\SIDTD\templates\Images\fakes\rus_internalpassport_47_fake_1_110.jpg,True,rus,False,0.0,,876
C:\Users\sande\VeriDoc\data\raw\SIDTD\templates\Images\fakes\grc_passport_23_fake_4_79.jpg,True,grc,False,0.0,,772
C:\Users\sande\VeriDoc\data\raw\SIDTD\templates\Images\fakes\svk_id_99_fake_8_55.jpg,True,svk,False,0.0,,739
C:\Users\sande\VeriDoc\data\raw\SIDTD\templates\Images\reals\rus_internalpassport_25.jpg,False,rus,False,0.0,,1013
C:\Users\sande\VeriDoc\data\raw\SIDTD\templates\Images\reals\alb_id_15.jpg,False,alb,False,0.0,,1016
C:\Users\sande\VeriDoc\data\raw\SIDTD\templates\Images\fakes\svk_id_60_fake_8_0.jpg,True,svk,False,0.0,,826
C:\Users\sande\VeriDoc\data\raw\SIDTD\templates\Images\fakes\est_id_57_fake_9_27.jpg,True,est,False,0.0,,575
C:\Users\sande\VeriDoc\data\raw\SIDTD\templates\Images\fakes\est_id_35_fake_9_70.jpg,True,est,False,0.0,,626
C:\Users\sande\VeriDoc\data\raw\SIDTD\templates\Images\reals\aze_passport_95.jpg,False,aze,False,0.0,,826
C:\Users\sande\VeriDoc\data\raw\SIDTD\templates\Images\fakes\esp_id_23_fake_2_10.jpg,True,esp,False,0.0,,849
C:\Users\sande\VeriDoc\data\raw\SIDTD\templates\Images\reals\lva_passport_59.jpg,False,lva,False,0.0,,1279
C:\Users\sande\VeriDoc\data\raw\SIDTD\templates\Images\reals\esp_id_97.jpg,False,esp,False,0.0,,582
C:\Users\sande\VeriDoc\data\raw\SIDTD\templates\Images\fakes\aze_passport_24_fake_3_13.jpg,True,aze,False,0.0,,1135
C:\Users\sande\VeriDoc\data\raw\SIDTD\templates\Images\fakes\aze_passport_47_fake_3_3.jpg,True,aze,False,0.0,,917
C:\Users\sande\VeriDoc\data\raw\SIDTD\templates\Images\fakes\rus_internalpassport_77_fake_1_24.jpg,True,rus,False,0.0,,744
C:\Users\sande\VeriDoc\data\raw\SIDTD\templates\Images\fakes\lva_passport_07_fake_0_62.jpg,True,lva,False,0.0,,1453
C:\Users\sande\VeriDoc\data\raw\SIDTD\templates\Images\fakes\rus_internalpassport_95_fake_1_103.jpg,True,rus,False,0.0,,852
C:\Users\sande\VeriDoc\data\raw\SIDTD\templates\Images\fakes\aze_passport_58_fake_3_62.jpg,True,aze,False,0.0,,915
C:\Users\sande\VeriDoc\data\raw\SIDTD\templates\Images\reals\aze_passport_34.jpg,False,aze,False,0.0,,919
C:\Users\sande\VeriDoc\data\raw\SIDTD\templates\Images\reals\rus_internalpassport_23.jpg,False,rus,False,0.0,,943
C:\Users\sande\VeriDoc\data\raw\SIDTD\templates\Images\fakes\aze_passport_75_fake_3_39.jpg,True,aze,False,0.0,,940
C:\Users\sande\VeriDoc\data\raw\SIDTD\templates\Images\reals\grc_passport_73.jpg,False,grc,False,0.0,,822
C:\Users\sande\VeriDoc\data\raw\SIDTD\templates\Images\fakes\est_id_77_fake_9_33.jpg,True,est,False,0.0,,689
C:\Users\sande\VeriDoc\data\raw\SIDTD\templates\Images\reals\alb_id_36.jpg,False,alb,False,0.0,,1150
C:\Users\sande\VeriDoc\data\raw\SIDTD\templates\Images\reals\alb_id_87.jpg,False,alb,False,0.0,,1334
C:\Users\sande\VeriDoc\data\raw\SIDTD\templates\Images\reals\aze_passport_03.jpg,False,aze,False,0.0,,786
C:\Users\sande\VeriDoc\data\raw\SIDTD\templates\Images\fakes\svk_id_40_fake_8_35.jpg,True,svk,False,0.0,,651
C:\Users\sande\VeriDoc\data\raw\SIDTD\templates\Images\reals\rus_internalpassport_96.jpg,False,rus,False,0.0,,889
C:\Users\sande\VeriDoc\data\raw\SIDTD\templates\Images\reals\alb_id_30.jpg,False,alb,False,0.0,,1234
C:\Users\sande\VeriDoc\data\raw\SIDTD\templates\Images\fakes\svk_id_84_fake_8_114.jpg,True,svk,False,0.0,,569
C:\Users\sande\VeriDoc\data\raw\SIDTD\templates\Images\reals\aze_passport_90.jpg,False,aze,False,0.0,,948
C:\Users\sande\VeriDoc\data\raw\SIDTD\templates\Images\reals\alb_id_00.jpg,False,alb,False,0.0,,1324
C:\Users\sande\VeriDoc\data\raw\SIDTD\templates\Images\fakes\esp_id_93_fake_2_11.jpg,True,esp,False,0.0,,602
C:\Users\sande\VeriDoc\data\raw\SIDTD\templates\Images\fakes\lva_passport_48_fake_0_106.jpg,True,lva,False,0.0,,1144
C:\Users\sande\VeriDoc\data\raw\SIDTD\templates\Images\fakes\esp_id_83_fake_2_14.jpg,True,esp,False,0.0,,775
C:\Users\sande\VeriDoc\data\raw\SIDTD\templates\Images\reals\srb_passport_97.jpg,False,srb,False,0.0,,1325
C:\Users\sande\VeriDoc\data\raw\SIDTD\templates\Images\fakes\aze_passport_12_fake_3_88.jpg,True,aze,False,0.0,,1082
C:\Users\sande\VeriDoc\data\raw\SIDTD\templates\Images\reals\svk_id_11.jpg,False,svk,False,0.0,,646
C:\Users\sande\VeriDoc\data\raw\SIDTD\templates\Images\reals\svk_id_59.jpg,False,svk,False,0.0,,721
C:\Users\sande\VeriDoc\data\raw\SIDTD\templates\Images\reals\lva_passport_49.jpg,False,lva,False,0.0,,1359
C:\Users\sande\VeriDoc\data\raw\SIDTD\templates\Images\fakes\aze_passport_23_fake_3_89.jpg,True,aze,False,0.0,,788
C:\Users\sande\VeriDoc\data\raw\SIDTD\templates\Images\reals\aze_passport_89.jpg,False,aze,False,0.0,,1017
C:\Users\sande\VeriDoc\data\raw\SIDTD\templates\Images\fakes\srb_passport_27_fake_5_6.jpg,True,srb,False,0.0,,1150
C:\Users\sande\VeriDoc\data\raw\SIDTD\templates\Images\reals\lva_passport_30.jpg,False,lva,False,0.0,,1325
C:\Users\sande\VeriDoc\data\raw\SIDTD\templates\Images\fakes\lva_passport_59_fake_0_95.jpg,True,lva,False,0.0,,991
C:\Users\sande\VeriDoc\data\raw\SIDTD\templates\Images\reals\lva_passport_55.jpg,False,lva,False,0.0,,1051
C:\Users\sande\VeriDoc\data\raw\SIDTD\templates\Images\fakes\srb_passport_03_fake_5_27.jpg,True,srb,False,0.0,,1117
C:\Users\sande\VeriDoc\data\raw\SIDTD\templates\Images\fakes\fin_id_73_fake_7_62.jpg,True,fin,False,0.0,,1145
C:\Users\sande\VeriDoc\data\raw\SIDTD\templates\Images\fakes\srb_passport_12_fake_5_43.jpg,True,srb,False,0.0,,1193
C:\Users\sande\VeriDoc\data\raw\SIDTD\templates\Images\reals\fin_id_76.jpg,False,fin,False,0.0,,978
C:\Users\sande\VeriDoc\data\raw\SIDTD\templates\Images\reals\alb_id_53.jpg,False,alb,False,0.0,,1116
C:\Users\sande\VeriDoc\data\raw\SIDTD\templates\Images\fakes\srb_passport_76_fake_5_110.jpg,True,srb,False,0.0,,1166
C:\Users\sande\VeriDoc\data\raw\SIDTD\templates\Images\fakes\srb_passport_70_fake_5_111.jpg,True,srb,False,0.0,,1213
C:\Users\sande\VeriDoc\data\raw\SIDTD\templates\Images\fakes\alb_id_44_fake_6_4.jpg,True,alb,False,0.0,,1139
C:\Users\sande\VeriDoc\data\raw\SIDTD\templates\Images\reals\srb_passport_75.jpg,False,srb,False,0.0,,1104
C:\Users\sande\VeriDoc\data\raw\SIDTD\templates\Images\fakes\rus_internalpassport_41_fake_1_109.jpg,True,rus,False,0.0,,745
C:\Users\sande\VeriDoc\data\raw\SIDTD\templates\Images\fakes\grc_passport_24_fake_4_75.jpg,True,grc,False,0.0,,695
C:\Users\sande\VeriDoc\data\raw\SIDTD\templates\Images\reals\esp_id_17.jpg,False,esp,False,0.0,,948
C:\Users\sande\VeriDoc\data\raw\SIDTD\templates\Images\reals\fin_id_57.jpg,False,fin,False,0.0,,1245
C:\Users\sande\VeriDoc\data\raw\SIDTD\templates\Images\reals\fin_id_30.jpg,False,fin,False,0.0,,1016
C:\Users\sande\VeriDoc\data\raw\SIDTD\templates\Images\reals\lva_passport_44.jpg,False,lva,False,0.0,,1230
C:\Users\sande\VeriDoc\data\raw\SIDTD\templates\Images\reals\aze_passport_61.jpg,False,aze,False,0.0,,902
C:\Users\sande\VeriDoc\data\raw\SIDTD\templates\Images\fakes\aze_passport_25_fake_3_35.jpg,True,aze,False,0.0,,1191
C:\Users\sande\VeriDoc\data\raw\SIDTD\templates\Images\fakes\grc_passport_55_fake_4_63.jpg,True,grc,False,0.0,,783
C:\Users\sande\VeriDoc\data\raw\SIDTD\templates\Images\fakes\grc_passport_53_fake_4_70.jpg,True,grc,False,0.0,,641
C:\Users\sande\VeriDoc\data\raw\SIDTD\templates\Images\fakes\svk_id_15_fake_8_29.jpg,True,svk,False,0.0,,784
C:\Users\sande\VeriDoc\data\raw\SIDTD\templates\Images\fakes\lva_passport_42_fake_0_6.jpg,True,lva,False,0.0,,1360
C:\Users\sande\VeriDoc\data\raw\SIDTD\templates\Images\fakes\alb_id_69_fake_6_1.jpg,True,alb,False,0.0,,1106
C:\Users\sande\VeriDoc\data\raw\SIDTD\templates\Images\fakes\aze_passport_25_fake_3_38.jpg,True,aze,False,0.0,,1196
C:\Users\sande\VeriDoc\data\raw\SIDTD\templates\Images\fakes\fin_id_23_fake_7_2.jpg,True,fin,False,0.0,,1035
C:\Users\sande\VeriDoc\data\raw\SIDTD\templates\Images\reals\aze_passport_19.jpg,False,aze,False,0.0,,890
C:\Users\sande\VeriDoc\data\raw\SIDTD\templates\Images\fakes\alb_id_60_fake_6_76.jpg,True,alb,False,0.0,,1315
C:\Users\sande\VeriDoc\data\raw\SIDTD\templates\Images\fakes\rus_internalpassport_57_fake_1_33.jpg,True,rus,False,0.0,,637
C:\Users\sande\VeriDoc\data\raw\SIDTD\templates\Images\reals\esp_id_00.jpg,False,esp,False,0.0,,693
C:\Users\sande\VeriDoc\data\raw\SIDTD\templates\Images\reals\svk_id_15.jpg,False,svk,False,0.0,,707
C:\Users\sande\VeriDoc\data\raw\SIDTD\templates\Images\reals\fin_id_04.jpg,False,fin,False,0.0,,1014
C:\Users\sande\VeriDoc\data\raw\SIDTD\templates\Images\reals\fin_id_05.jpg,False,fin,False,0.0,,995
C:\Users\sande\VeriDoc\data\raw\SIDTD\templates\Images\reals\alb_id_96.jpg,False,alb,False,0.0,,1223
C:\Users\sande\VeriDoc\data\raw\SIDTD\templates\Images\fakes\est_id_03_fake_9_4.jpg,True,est,False,0.0,,548
C:\Users\sande\VeriDoc\data\raw\SIDTD\templates\Images\fakes\alb_id_76_fake_6_28.jpg,True,alb,False,0.0,,1151
C:\Users\sande\VeriDoc\data\raw\SIDTD\templates\Images\reals\esp_id_84.jpg,False,esp,False,0.0,,730
C:\Users\sande\VeriDoc\data\raw\SIDTD\templates\Images\reals\fin_id_16.jpg,False,fin,False,0.0,,1154
C:\Users\sande\VeriDoc\data\raw\SIDTD\templates\Images\reals\rus_internalpassport_97.jpg,False,rus,False,0.0,,687
C:\Users\sande\VeriDoc\data\raw\SIDTD\templates\Images\fakes\fin_id_94_fake_7_49.jpg,True,fin,False,0.0,,1141
C:\Users\sande\VeriDoc\data\raw\SIDTD\templates\Images\reals\est_id_18.jpg,False,est,False,0.0,,660
C:\Users\sande\VeriDoc\data\raw\SIDTD\templates\Images\fakes\srb_passport_60_fake_5_10.jpg,True,srb,False,0.0,,1162
C:\Users\sande\VeriDoc\data\raw\SIDTD\templates\Images\reals\esp_id_76.jpg,False,esp,False,0.0,,786
C:\Users\sande\VeriDoc\data\raw\SIDTD\templates\Images\reals\fin_id_29.jpg,False,fin,False,0.0,,1159
C:\Users\sande\VeriDoc\data\raw\SIDTD\templates\Images\fakes\aze_passport_00_fake_3_105.jpg,True,aze,False,0.0,,747
C:\Users\sande\VeriDoc\data\raw\SIDTD\templates\Images\reals\fin_id_06.jpg,False,fin,False,0.0,,1141
C:\Users\sande\VeriDoc\data\raw\SIDTD\templates\Images\reals\lva_passport_98.jpg,False,lva,False,0.0,,1013
C:\Users\sande\VeriDoc\data\raw\SIDTD\templates\Images\fakes\aze_passport_15_fake_3_91.jpg,True,aze,False,0.0,,899
C:\Users\sande\VeriDoc\data\raw\SIDTD\templates\Images\fakes\est_id_49_fake_9_34.jpg,True,est,False,0.0,,580
C:\Users\sande\VeriDoc\data\raw\SIDTD\templates\Images\reals\alb_id_61.jpg,False,alb,False,0.0,,1250
C:\Users\sande\VeriDoc\data\raw\SIDTD\templates\Images\fakes\esp_id_12_fake_2_58.jpg,True,esp,False,0.0,,749
